classification,accounts,profitable_accounts,losing_accounts,positive_profit_total,negative_profit_total,top3_share_of_positive_profit
Extreme Fear,30,21,9,1019714.535149,-292834.527968,0.6127994158126743
Fear,32,26,6,3410532.3869900005,-100376.161188,0.6090570082388989
Neutral,29,21,8,1402169.380074,-131511.393475,0.6400501028617785
Greed,31,27,4,2611369.4430649998,-490917.85713600006,0.482218690036826
Extreme Greed,28,26,2,2761609.9844400003,-60104.53631899999,0.6490053764954224
