classification,days,avg_daily_realized_trades,avg_daily_total_net,median_daily_total_net,avg_daily_win_rate,avg_daily_volume,avg_daily_active_accounts
Extreme Fear,14,743.2857142857143,51920.00051292857,21947.292375499997,0.6544334990141908,4063966.9842857146,9.071428571428571
Fear,75,397.44,44135.41634402667,6622.965748999999,0.8807139342598307,3195870.858533333,5.933333333333334
Neutral,55,330.1636363636364,23102.87248361818,5219.379262,0.7937897168589677,1834536.0314545454,5.0181818181818185
Greed,167,150.75449101796409,12697.314885802394,898.249834,0.8130205397780562,819904.1935928143,2.682634730538922
Extreme Greed,108,193.08333333333334,25013.939334453706,3521.4090865,0.8865331257591067,536687.4112962963,3.6666666666666665
